1 East - Gynaecology,028 3756 1720
1 East - Gynaecology,028 3756 1721
1 East - Gynaecology,028 3756 1722
1 North - Coronary Care  ,028 3756 1610
1 North - Coronary Care  ,028 3756 1611
1 North - Coronary Care  ,028 3756 1612
1 North - Coronary Care  ,028 3756 1613
1 North - Coronary Care  ,028 3756 1614
1 North - Coronary Care  ,028 3756 1615
1 South - Medical ,028 3756 1620
1 South - Medical ,028 3756 1621
1 South - Medical ,028 3756 1622
1 South - Medical ,028 3756 1623
1 South - Medical ,028 3756 1624
1 South - Medical ,028 3756 1625
2 East - Midwifery Led Unit,028 3756 1730
2 North - Respiratory,028 3756 1633
2 North - Respiratory,028 3756 1634
2 North - Respiratory,028 3756 1635
2 North-Medical,028 3761 6301
2 North-Medical,028 3761 6302
2 South - Medical ,028 3756 1641
2 South - Stroke   ,028 3756 1640
2 South - Stroke   ,028 3756 1641
2 South - Stroke   ,028 3756 1642
2 South - Stroke   ,028 3756 1643
2 South - Stroke   ,028 3756 1644
2 South - Stroke   ,028 3756 1645
2 West - Maternity ,028 3756 1740
2 West - Maternity ,028 3756 1741
2 West - Maternity ,028 3756 1742
Children's outpatients ,028 3756 1970
Children's outpatients ,028 3756 1971
Children's short stay assessment unit,028 3756 1965
Children's short stay assessment unit,028 3756 1966
Children's Ward,028 3756 1950
Children's Ward,028 3756 1951
Children's Ward,028 3756 1952
Children's Ward,028 3756 1953
3 South - Short Stay Ward,028 3756 1660
3 South - Short Stay Ward,028 3756 1661
3 South - Short Stay Ward,028 3756 1662
3 South - Short Stay Ward,028 3756 1663
4 North - Surgical Admission,028 3756 1670
4 North - Surgical Admission,028 3756 1671
4 North - Surgical Admission,028 3756 1672
4 North - Surgical Admission,028 3756 1673
4 North - Surgical Admission,028 3756 1674
4 North - Surgical Admission,028 3756 1675
4 South - Progressive Care Ward,028 3756 1680
4 South - Progressive Care Ward,028 3756 1681
4 South - Progressive Care Ward,028 3756 1682
4 South - Progressive Care Ward,028 3756 1683
4 South - Progressive Care Ward,028 3756 1684
4 South - Progressive Care Ward,028 3756 1685
Acute Medical Unit,028 3756 1691
Acute Medical Unit,028 3756 1692
Acute Medical Unit,028 3756 1693
Acute Medical Unit,028 3756 1695
Bluestone Unit - Bronte Ward,028 3836 6770
Bluestone Unit - Bronte Ward,028 3836 6771
Bluestone Unit - Cloughmore Ward,028 3836 6750
Bluestone Unit - Cloughmore Ward,028 3836 6751
Bluestone Unit - Dorsy Unit ,028 3836 0665
Bluestone Unit - Rosebrook ,028 3836 0678
Bluestone Unit - Silverwood Ward,028 3836 6760
Bluestone Unit - Silverwood Ward,028 3836 6761
Bluestone Unit - Willows Ward,028 3836 6780
Bluestone Unit - Willows Ward,028 3836 6781
Bluestone Unit Reception,028 3836 6700
Cath Lab ,028 3756 0274
Cath Lab ,028 3756 0275
Chair's Office,028 3756 0141
Chief Executive's Office,028 3756 1014
Clinical Decision Unit (CDU),028 3756 1775
Day Clinical Centre,028 3756 1702
Day Clinical Centre,028 3756 1703
Day Surgery,028 3861 2069
Dermatology Inpatients Ward  ,028 3861 2608 
Elective Admission Ward ,028 3756 1710
Emergency Department,028 3756 1750
Fracture Clinic,028 3836 6852
Fracture Clinic Appointments ,028 3836 6853
Haematology ,028 3756 6170
Intensive Care Unit,028 3756 6863
Mandeville Unit  ,028 3756 3140
Mental Health Referral & Booking Centre,028 3756 3430
Neonatal Unit,028 3756 2306
Obstetrics & Gynaecology Outpatients,028 3756 5443
Outpatients Booking Centre,028 3756 3410
Outpatients Department ,028 3756 6853
Rapid Access Chest Pain Clinic,028 3756 1618
Recovery Ward  ,028 3756 1069
Trauma Ward  ,028 3756 6870
Trauma Ward  ,028 3756 6871
X-Ray,028 3756 0140